ted_id,title,buyer,category,is_it,estimated_value_eur,lots_with_value,deadline,portal,documents_url,has_selection_criteria_in_ted,ted_url
655434-2026,"IBM, Red Hat & SAP licentie expertise","Belastingdienst, IUC Belastingdienst","IT services: consulting, software development, Internet and support",yes,,,2026-10-05,TenderNed,https://www.tenderned.nl/aankondigingen/overzicht/440935,no,https://ted.europa.eu/en/notice/-/detail/655434-2026
654951-2026,Project Portfolio Management (PPM),Spaarnelanden N.V.,"IT services: consulting, software development, Internet and support",yes,400000,1,2026-11-13,TenderNed,https://www.tenderned.nl/aankondigingen/overzicht/440919,no,https://ted.europa.eu/en/notice/-/detail/654951-2026
654840-2026,Overstortregistratie Buren en West Betuwe,Gemeente West Betuwe,Sewage services,no,1150000,1,2026-10-29,Mercell,https://s2c.mercell.com/today/229060,no,https://ted.europa.eu/en/notice/-/detail/654840-2026
654839-2026,Europese Aanbesteding CMS (ContainerManagementSysteem),Gemeente Rhenen,Software supply services,yes,,,2026-10-12,TenderNed,https://www.tenderned.nl/aankondigingen/overzicht/441040,no,https://ted.europa.eu/en/notice/-/detail/654839-2026
653642-2026,Security Incident Response 2.0 (2026),SURF B.V.,"IT services: consulting, software development, Internet and support",yes,6890000,1,,Mercell,https://s2c.mercell.com/today/232542,no,https://ted.europa.eu/en/notice/-/detail/653642-2026
652987-2026,Europese aanbesteding ICT-beheer,Stichting Universiteit voor Humanistiek,"IT services: consulting, software development, Internet and support",yes,,,2026-10-16,TenderNed,https://www.tenderned.nl/aankondigingen/overzicht/440727,no,https://ted.europa.eu/en/notice/-/detail/652987-2026
652408-2026,Integratieplatform,Provincie Noord-Brabant,Software implementation services,yes,,,,TenderNed,https://www.tenderned.nl/aankondigingen/overzicht/440720,no,https://ted.europa.eu/en/notice/-/detail/652408-2026
652022-2026,Digitale Werkplekken,Servicebureau Jeugdhulp Haaglanden,Office automation services,yes,,,2026-11-10,TenderNed,https://www.tenderned.nl/aankondigingen/overzicht/440750,no,https://ted.europa.eu/en/notice/-/detail/652022-2026
651050-2026,Vernieuwing online- en offline ticketing- en kassasysteem Kunstmuseum Den Haag,Stichting Kunstmuseum Den Haag,Software-related services,yes,,,,TenderNed,https://www.tenderned.nl/aankondigingen/overzicht/440711,no,https://ted.europa.eu/en/notice/-/detail/651050-2026
650825-2026,"Secret Management, Privileged Access Management (PAM) en Identity Governance & Administration (IGA)",Dienst Uitvoering Onderwijs (DUO),"IT services: consulting, software development, Internet and support",yes,,,,TenderNed,https://www.tenderned.nl/aankondigingen/overzicht/440716,no,https://ted.europa.eu/en/notice/-/detail/650825-2026
650682-2026,Bedrijfsvoeringseenheid Bommelerwaard - EA BOR-beheersysteem,Bedrijfsvoeringseenheid Bommelerwaard,Software programming and consultancy services,yes,647500,1,2026-11-09,TenderNed,https://www.tenderned.nl/aankondigingen/overzicht/440821,no,https://ted.europa.eu/en/notice/-/detail/650682-2026
649625-2026,Monitoringsonderzoek Maatschappelijke Diensttijd,"Ministerie van Onderwijs, Cultuur en Wetenschap",Data management services,yes,,,2026-11-11,none,,no,https://ted.europa.eu/en/notice/-/detail/649625-2026
649535-2026,Aanbesteding Independent Market Research & IT Advice 2,SURF B.V.,Market research services,yes,6900000,1,2026-11-09,Mercell,https://s2c.mercell.com/today/232278,no,https://ted.europa.eu/en/notice/-/detail/649535-2026
648856-2026,Softwarebroker-dienstverlening,Provincie Utrecht,Software supply services,yes,14000000,1,2026-09-29,TenderNed,https://www.tenderned.nl/aankondigingen/overzicht/440696,no,https://ted.europa.eu/en/notice/-/detail/648856-2026
648631-2026,Outsourcing ICT,Belastingsamenwerking Gouwe-Rijnland,"IT services: consulting, software development, Internet and support",yes,11000000,1,,TenderNed,https://www.tenderned.nl/aankondigingen/overzicht/440681,no,https://ted.europa.eu/en/notice/-/detail/648631-2026
648539-2026,Zorgregie- en declaratiesysteem t.b.v. SWT,Gemeente Zwolle,Software-related services,yes,7605000,1,2026-11-19,TenderNed,https://www.tenderned.nl/aankondigingen/overzicht/440511,no,https://ted.europa.eu/en/notice/-/detail/648539-2026
648136-2026,Softwarebroker,Gemeente Nieuwegein,Software-related services,yes,1040000,1,2026-09-29,TenderNed,https://www.tenderned.nl/aankondigingen/overzicht/440605,no,https://ted.europa.eu/en/notice/-/detail/648136-2026
648029-2026,Datafundament gemeente Den Helder,Gemeente Den Helder,Information technology services,yes,1845000,1,2026-11-20,TenderNed,https://www.tenderned.nl/aankondigingen/overzicht/440652,no,https://ted.europa.eu/en/notice/-/detail/648029-2026
647200-2026,Herstel van de digitale informatiehuishouding,Veiligheidsregio Kennemerland,Data services,yes,,,2026-11-30,TenderNed,https://www.tenderned.nl/aankondigingen/overzicht/440489,no,https://ted.europa.eu/en/notice/-/detail/647200-2026
646840-2026,25.383-BV Zaak- Documentmanagementsysteem Edam-Volendam,Gemeente Edam-Volendam,Software package and information systems,yes,,,2026-11-13,TenderNed,https://www.tenderned.nl/aankondigingen/overzicht/440649,no,https://ted.europa.eu/en/notice/-/detail/646840-2026
646325-2026,"Provision of ICT services for user support, infrastructure administration and maintenance services",European Union Agency for Criminal Justice Cooperation (Eurojust),"IT services: consulting, software development, Internet and support",yes,13500000,1,2026-11-04,EU Funding & Tenders,https://ec.europa.eu/info/funding-tenders/opportunities/portal/screen/opportunities/tender-details/de510eb9-2fac-49ab-a9a7-94e8087a6922-CN?#anchorDocuments,no,https://ted.europa.eu/en/notice/-/detail/646325-2026
643994-2026,Beheersoftware Openbare Ruimte,Gemeente Lansingerland,Software package and information systems,yes,,,2026-11-16,TenderNed,https://www.tenderned.nl/aankondigingen/overzicht/440324,no,https://ted.europa.eu/en/notice/-/detail/643994-2026
643806-2026,EA Softwarebroker,Samenwerkingsorganisatie De Wolden Hoogeveen,Software support services,yes,6000000,1,2026-10-21,TenderNed,https://www.tenderned.nl/aankondigingen/overzicht/440309,no,https://ted.europa.eu/en/notice/-/detail/643806-2026
643670-2026,Plan- en regelsoftware,Gemeente Nijkerk,Software package and information systems,yes,,,2026-11-30,TenderNed,https://www.tenderned.nl/aankondigingen/overzicht/440430,no,https://ted.europa.eu/en/notice/-/detail/643670-2026
641736-2026,BHV-App ten behoeve van het Rijk,Inkoop Uitvoeringscentrum Dienst Justitiële Inrichtingen (IUC DJI),"IT services: consulting, software development, Internet and support",yes,4860000,1,2026-12-01,TenderNed,https://www.tenderned.nl/aankondigingen/overzicht/440107,no,https://ted.europa.eu/en/notice/-/detail/641736-2026
641193-2026,Gemeente IJsselstein - Burgerzaken Applicatie,Gemeente IJsselstein,Software-related services,yes,,,2026-12-08,TenderNed,https://www.tenderned.nl/aankondigingen/overzicht/440095,no,https://ted.europa.eu/en/notice/-/detail/641193-2026
640689-2026,Proces- en architectuurtool provincie Noord-Brabant,Provincie Noord-Brabant,Software programming and consultancy services,yes,,,2026-10-12,TenderNed,https://www.tenderned.nl/aankondigingen/overzicht/440140,no,https://ted.europa.eu/en/notice/-/detail/640689-2026
639755-2026,Overeenkomst Standaard Software en aanverwante diensten,Gemeente Amsterdam,Software package and information systems,yes,100000000,1,2026-10-30,Mercell,https://s2c.mercell.com/today/234329,no,https://ted.europa.eu/en/notice/-/detail/639755-2026
639026-2026,Website Werkzaak Rivierenland,Werkzaak Rivierenland,World wide web (www) site design services,yes,,,2026-11-02,TenderNed,https://www.tenderned.nl/aankondigingen/overzicht/439893,no,https://ted.europa.eu/en/notice/-/detail/639026-2026
638336-2026,"Managed Workplace, Cloud & Security Services",Stichting Participatiefonds voor het Onderwijs,"IT services: consulting, software development, Internet and support",yes,16000000,1,,TenderNed,https://www.tenderned.nl/aankondigingen/overzicht/439946,no,https://ted.europa.eu/en/notice/-/detail/638336-2026
638246-2026,Europese Openbare Aanbesteding Informatiemanagementsysteem TSG ten behoeve van Zorginstituut Nederland,Zorginstituut Nederland,"IT services: consulting, software development, Internet and support",yes,6000000,1,2026-11-24,Mercell,https://s2c.mercell.com/today/232586,no,https://ted.europa.eu/en/notice/-/detail/638246-2026
637169-2026,Narrowcasting,Veiligheidsregio Utrecht,Communication and multimedia software development services,yes,312000,1,2026-10-30,TenderNed,https://www.tenderned.nl/aankondigingen/overzicht/439914,no,https://ted.europa.eu/en/notice/-/detail/637169-2026
636516-2026,HRM en salarisadministratie software,Gemeente Brunssum,"IT services: consulting, software development, Internet and support",yes,,,2026-10-05,TenderNed,https://www.tenderned.nl/aankondigingen/overzicht/439958,no,https://ted.europa.eu/en/notice/-/detail/636516-2026
636341-2026,EA SAS,Alliander N.V.,"IT services: consulting, software development, Internet and support",yes,3200000,1,2027-01-22,Mercell,https://s2c.mercell.com/today/231099,no,https://ted.europa.eu/en/notice/-/detail/636341-2026
635040-2026,Library Management System,Universiteit Utrecht,Library software development services,yes,2250000,1,2026-11-24,Mercell,https://s2c.mercell.com/today/229889,no,https://ted.europa.eu/en/notice/-/detail/635040-2026
634365-2026,Energie- Management Systeem,Universiteit Leiden,Software package and information systems,yes,1855500,1,2026-11-02,Mercell,https://s2c.mercell.com/today/232939,no,https://ted.europa.eu/en/notice/-/detail/634365-2026
633800-2026,Monitoring en beheer grondwatermeetnet,Gemeente Leidschendam-Voorburg,Monitoring and control services,no,270000,1,2026-10-26,Mercell,https://s2c.mercell.com/today/225633,no,https://ted.europa.eu/en/notice/-/detail/633800-2026
633741-2026,Managed Service Provider voor ICT,Stark,"IT services: consulting, software development, Internet and support",yes,,,2026-10-12,TenderNed,https://www.tenderned.nl/aankondigingen/overzicht/439890,no,https://ted.europa.eu/en/notice/-/detail/633741-2026
633476-2026,Europese aanbesteding Burgerzaken Applicatie,Gemeente Steenwijkerland,Software package and information systems,yes,,,2026-11-10,TenderNed,https://www.tenderned.nl/aankondigingen/overzicht/439857,no,https://ted.europa.eu/en/notice/-/detail/633476-2026
633458-2026,Pentesten,Koninklijke Bibliotheek,Computer audit and testing services,yes,,,2026-11-13,TenderNed,https://www.tenderned.nl/aankondigingen/overzicht/439725,no,https://ted.europa.eu/en/notice/-/detail/633458-2026
633322-2026,C-ITS-applicaties Rijkswaterstaat 2026,Rijkswaterstaat Centrale Informatievoorziening,Programming services of application software,yes,,,2026-09-28,TenderNed,https://www.tenderned.nl/aankondigingen/overzicht/439854,no,https://ted.europa.eu/en/notice/-/detail/633322-2026
633152-2026,Europese Aanbesteding Netwerk- & Werkplekbeheer t.b.v. SPCO Spectrum/Octant i.s.m. Verus,"Verus, Vereniging voor katholiek en christelijk onderwijs",Computer-related management services,yes,654000,1,2026-11-02,Mercell,https://s2c.mercell.com/today/232381,no,https://ted.europa.eu/en/notice/-/detail/633152-2026
631694-2026,Levering End User Devices en aanverwante dienstverlening,Gemeente Zoetermeer,Computer equipment and supplies,yes,,,2026-10-05,TenderNed,https://www.tenderned.nl/aankondigingen/overzicht/439480,no,https://ted.europa.eu/en/notice/-/detail/631694-2026
631673-2026,Raadsinformatiesysteem,Gemeente Renkum,"IT services: consulting, software development, Internet and support",yes,,,2026-10-27,TenderNed,https://www.tenderned.nl/aankondigingen/overzicht/439535,no,https://ted.europa.eu/en/notice/-/detail/631673-2026
631233-2026,Logistieke applicatie oplossing,Centraal Bureau Rijvaardigheidsbewijzen,"IT services: consulting, software development, Internet and support",yes,,,2026-11-23,TenderNed,https://www.tenderned.nl/aankondigingen/overzicht/439674,no,https://ted.europa.eu/en/notice/-/detail/631233-2026
630503-2026,Digitale werkplek: Werkplekservices en Audiovisuele middelen,De Dienst voor het kadaster en de openbare registers (het Kadaster),Office automation services,yes,88000000,2,2026-09-25,TenderNed,https://www.tenderned.nl/aankondigingen/overzicht/439599,no,https://ted.europa.eu/en/notice/-/detail/630503-2026
630413-2026,Ondersteunend Facilitair Contactcenter NederlandWereldwijd (NWW),Ministerie van Buitenlandse Zaken,Telecommunications services,yes,3000000,1,2026-11-03,TenderNed,https://www.tenderned.nl/aankondigingen/overzicht/439498,no,https://ted.europa.eu/en/notice/-/detail/630413-2026
630393-2026,Vernieuwen Geo-stack,Nederlands Instituut Publieke Veiligheid,Software programming and consultancy services,yes,,,2026-10-27,TenderNed,https://www.tenderned.nl/aankondigingen/overzicht/439569,no,https://ted.europa.eu/en/notice/-/detail/630393-2026
628444-2026,ICT Sportaal B.V.,Sportaal B.V.,Computer-related management services,yes,1600000,1,2026-10-26,Mercell,https://s2c.mercell.com/today/223117,no,https://ted.europa.eu/en/notice/-/detail/628444-2026
627480-2026,ICT Hardware 2027-2031,Waterschap Hollandse Delta,Computer equipment and supplies,yes,,,2026-11-02,Mercell,https://s2c.mercell.com/today/217720,no,https://ted.europa.eu/en/notice/-/detail/627480-2026
626853-2026,"Leveren, implementeren en onderhoud handhavingsapplicatie",gemeente Soest,Software-related services,yes,,,2026-11-10,TenderNed,https://www.tenderned.nl/aankondigingen/overzicht/439381,no,https://ted.europa.eu/en/notice/-/detail/626853-2026
625790-2026,NL-Petten: Technical design services by a Computer Aided Design (CAD),"European Commission, DG JRC - Joint Research Centre",Computer-related professional services,yes,200000,1,2026-10-23,EU Funding & Tenders,https://ec.europa.eu/info/funding-tenders/opportunities/portal/screen/opportunities/tender-details/19852af0-2ae6-473b-bce5-b79c8a97041b-CN?#anchorDocuments,no,https://ted.europa.eu/en/notice/-/detail/625790-2026
625575-2026,Functioneel applicatiebeheer Burgerzaken,"De Bedrijfsvoeringspartner (Barendrecht, Albrandswaard, Ridderkerk, De Bedrijfsvoeringspartner)","IT services: consulting, software development, Internet and support",yes,,,2026-10-19,TenderNed,https://www.tenderned.nl/aankondigingen/overzicht/439173,no,https://ted.europa.eu/en/notice/-/detail/625575-2026
624574-2026,Aanbesteding Identity & Access Managementsysteem,Hogeschool Van Hall Larenstein,"IT services: consulting, software development, Internet and support",yes,,,2026-10-27,TenderNed,https://www.tenderned.nl/aankondigingen/overzicht/439290,no,https://ted.europa.eu/en/notice/-/detail/624574-2026
624073-2026,Digitale aansturing van oefenomgevingen voor technische opleidingen,Alliander N.V.,"IT services: consulting, software development, Internet and support",yes,3040000,1,2026-11-18,Mercell,https://s2c.mercell.com/today/226705,no,https://ted.europa.eu/en/notice/-/detail/624073-2026
623070-2026,KIEN - Werkplekapparatuur en Aanvullende Dienstverlening,Coöperatie KIEN UA,Computer-related equipment,yes,,,2026-11-20,TenderNed,https://www.tenderned.nl/aankondigingen/overzicht/439233,no,https://ted.europa.eu/en/notice/-/detail/623070-2026
622190-2026,Software Brokerfunctie 2027-2034,GVB Activa B.V.,Software package and information systems,yes,22494983,1,2026-10-26,TenderNed,https://www.tenderned.nl/aankondigingen/overzicht/438977,no,https://ted.europa.eu/en/notice/-/detail/622190-2026
621203-2026,Enquêteanalyse-tool,Stichting Participatiefonds voor het Onderwijs,Software-related services,yes,,,2026-11-16,TenderNed,https://www.tenderned.nl/aankondigingen/overzicht/439087,no,https://ted.europa.eu/en/notice/-/detail/621203-2026
620803-2026,Niet-openbare Europese aanbesteding IGA Tool,Dienstencentrum voor de Rechtspraak,"IT services: consulting, software development, Internet and support",yes,6200000,1,,TenderNed,https://www.tenderned.nl/aankondigingen/overzicht/439104,no,https://ted.europa.eu/en/notice/-/detail/620803-2026
620461-2026,"Geïntegreerde SaaS-oplossing voor de functies Finance, HR en Inkoop",Wageningen University & Research,Software-related services,yes,10000000,1,,Mercell,https://s2c.mercell.com/today/228460,no,https://ted.europa.eu/en/notice/-/detail/620461-2026
620296-2026,Citrix beheer,Universiteit Utrecht,"IT services: consulting, software development, Internet and support",yes,2000000,1,2027-01-08,TenderNed,https://www.tenderned.nl/aankondigingen/overzicht/439010,no,https://ted.europa.eu/en/notice/-/detail/620296-2026
617535-2026,Zelfscan as a Service - Conditionerende Onderzoeken,Enexis Netbeheer BV/Enexis Personeel BV,Software-related services,yes,,,,TenderNed,https://www.tenderned.nl/aankondigingen/overzicht/438866,no,https://ted.europa.eu/en/notice/-/detail/617535-2026
617228-2026,Europese openbare aanbesteding Roostersysteem,Stichting 113 Zelfmoordpreventie,Time accounting or human resources software development services,yes,324000,1,2026-11-09,TenderNed,https://www.tenderned.nl/aankondigingen/overzicht/438815,no,https://ted.europa.eu/en/notice/-/detail/617228-2026
615710-2026,Financiële applicatie,OVER-gemeenten,Software package and information systems,yes,,,2026-09-29,TenderNed,https://www.tenderned.nl/aankondigingen/overzicht/438715,no,https://ted.europa.eu/en/notice/-/detail/615710-2026
615556-2026,Financieel Informatiesysteem,gemeente Sittard-Geleen,"IT services: consulting, software development, Internet and support",yes,,,2026-11-09,TenderNed,https://www.tenderned.nl/aankondigingen/overzicht/438682,no,https://ted.europa.eu/en/notice/-/detail/615556-2026
615459-2026,OT-platform en OT-netwerk componenten,Stedin,"IT services: consulting, software development, Internet and support",yes,33000000,1,,Mercell,https://s2c.mercell.com/today/231432,no,https://ted.europa.eu/en/notice/-/detail/615459-2026
615237-2026,Marktconsultatie Planningssoftware gemeente Breda,Gemeente Breda,Software programming and consultancy services,yes,150000,1,2026-10-09,Mercell,https://s2c.mercell.com/today/230565,no,https://ted.europa.eu/en/notice/-/detail/615237-2026
614857-2026,EA Ritregistratie en Autodelen,NS Groep N.V.,Software-related services,yes,,,2026-11-04,Mercell,https://s2c.mercell.com/today/229642,no,https://ted.europa.eu/en/notice/-/detail/614857-2026
614060-2026,Financieringsmogelijkheden Leeroverzicht.nl,"Ministerie van Onderwijs, Cultuur en Wetenschap",Research consultancy services,no,750000,1,2026-10-19,TenderNed,https://www.tenderned.nl/aankondigingen/overzicht/438701,no,https://ted.europa.eu/en/notice/-/detail/614060-2026
613909-2026,Informatiebeveiligingsonderzoeken (RVICTO-PT) 2026,"Ministerie van Economische Zaken, Rijksdienst voor Ondernemend Nederland (RVO)","Technical testing, analysis and consultancy services",yes,20000000,1,2026-11-30,TenderNed,https://www.tenderned.nl/aankondigingen/overzicht/438619,no,https://ted.europa.eu/en/notice/-/detail/613909-2026
613259-2026,Europees openbare aanbesteding - WOZ-applicatie,Gemeente Veendam,"IT services: consulting, software development, Internet and support",yes,,,2026-11-02,TenderNed,https://www.tenderned.nl/aankondigingen/overzicht/438700,no,https://ted.europa.eu/en/notice/-/detail/613259-2026
612728-2026,e-HRM- en Payrolloplossing,Senzer,"IT services: consulting, software development, Internet and support",yes,,,2026-11-16,TenderNed,https://www.tenderned.nl/aankondigingen/overzicht/438643,no,https://ted.europa.eu/en/notice/-/detail/612728-2026
612411-2026,"Subsidieverwerking Isolatiemaatregel Beverwijk, Heemskerk en Velsen",Gemeente Beverwijk,"IT services: consulting, software development, Internet and support",yes,,,2026-10-26,TenderNed,https://www.tenderned.nl/aankondigingen/overzicht/438426,no,https://ted.europa.eu/en/notice/-/detail/612411-2026
612350-2026,"Development, Implementation, Maintenance and Operation of financial IT Systems","European Commission, DG BUDG - Budget","IT services: consulting, software development, Internet and support",yes,700000000,2,2026-10-26,EU Funding & Tenders,https://ec.europa.eu/info/funding-tenders/opportunities/portal/screen/opportunities/tender-details/966981b6-1f69-46a6-b4c9-17a2079928ba-CN?#anchorDocuments,no,https://ted.europa.eu/en/notice/-/detail/612350-2026
611509-2026,Managed ICT-infrastructuur en bijbehorende beheerdiensten,Gemeente Midden-Delfland,"IT services: consulting, software development, Internet and support",yes,,,,TenderNed,https://www.tenderned.nl/aankondigingen/overzicht/438403,no,https://ted.europa.eu/en/notice/-/detail/611509-2026
608137-2026,"Zaaksysteem, DMS en Omnichannel Oplossing",De Nederlandse Zorgautoriteit (NZa),"IT services: consulting, software development, Internet and support",yes,2600000,3,2026-10-22,Mercell,https://s2c.mercell.com/today/229346,no,https://ted.europa.eu/en/notice/-/detail/608137-2026
607377-2026,Managed Services en Consultancy voor de Microsoft 365 Omgeving,Luchtverkeersleiding Nederland,"IT services: consulting, software development, Internet and support",yes,3000000,1,2026-10-23,TenderNed,https://www.tenderned.nl/aankondigingen/overzicht/438222,no,https://ted.europa.eu/en/notice/-/detail/607377-2026
607256-2026,Helpdeskfunctie NIPA,Ministerie van Binnenlandse Zaken en Koninkrijksrelaties,Helpdesk services,yes,960000,1,2026-10-15,TenderNed,https://www.tenderned.nl/aankondigingen/overzicht/438311,no,https://ted.europa.eu/en/notice/-/detail/607256-2026
607206-2026,Bedrijfsvoering systemen (HR & ERP),Tilburg University,"IT services: consulting, software development, Internet and support",yes,,,,TenderNed,https://www.tenderned.nl/aankondigingen/overzicht/438246,no,https://ted.europa.eu/en/notice/-/detail/607206-2026
606412-2026,ICT-devices,Onderwijsstichting KempenKind,Computer equipment and supplies,yes,3060000,1,2026-10-28,TenderNed,https://www.tenderned.nl/aankondigingen/overzicht/438359,no,https://ted.europa.eu/en/notice/-/detail/606412-2026
606188-2026,Operationeel Plannen,Enexis Personeel BV,"IT services: consulting, software development, Internet and support",yes,30000000,1,,TenderNed,https://www.tenderned.nl/aankondigingen/overzicht/438253,no,https://ted.europa.eu/en/notice/-/detail/606188-2026
605318-2026,Broker Standaardsoftware en Gerelateerde Dienstverlening - gemeente Putten & gemeente Bunschoten,Inkoopsamenwerking Noord Veluwe (ISNV),Software supply services,yes,8252000,2,2026-10-28,Mercell,https://s2c.mercell.com/today/230703,no,https://ted.europa.eu/en/notice/-/detail/605318-2026
605314-2026,Werkplek- en netwerkbeheer,Collectie Overijssel,"IT services: consulting, software development, Internet and support",yes,450000,1,2026-11-06,TenderNed,https://www.tenderned.nl/aankondigingen/overzicht/438010,no,https://ted.europa.eu/en/notice/-/detail/605314-2026
604872-2026,Glasvezeldienstverlening,Stichting Vonk,Telephone and data transmission services,yes,2800000,1,2026-10-27,none,,yes,https://ted.europa.eu/en/notice/-/detail/604872-2026
604724-2026,European Tender Learning Management System,Universiteit Twente,Software package and information systems,yes,2900000,1,2026-10-26,Mercell,https://s2c.mercell.com/today/229169,no,https://ted.europa.eu/en/notice/-/detail/604724-2026
604231-2026,Umbraco partner,Luchtverkeersleiding Nederland,"IT services: consulting, software development, Internet and support",yes,3000000,1,2026-10-19,TenderNed,https://www.tenderned.nl/aankondigingen/overzicht/438160,no,https://ted.europa.eu/en/notice/-/detail/604231-2026
603742-2026,"Gambling Stop Functionality, Including Associated Services (August 2026)",Kansspelautoriteit,"IT services: consulting, software development, Internet and support",yes,,,2026-10-28,TenderNed,https://www.tenderned.nl/aankondigingen/overzicht/438035,no,https://ted.europa.eu/en/notice/-/detail/603742-2026
603620-2026,Software reseller,Gemeente Altena,"IT services: consulting, software development, Internet and support",yes,,,2026-11-03,TenderNed,https://www.tenderned.nl/aankondigingen/overzicht/438018,no,https://ted.europa.eu/en/notice/-/detail/603620-2026
602978-2026,Cameratoezicht gemeente Gouda,Gemeente Gouda,Security software development services,yes,,,2026-11-09,TenderNed,https://www.tenderned.nl/aankondigingen/overzicht/437994,no,https://ted.europa.eu/en/notice/-/detail/602978-2026
601844-2026,Cloudomgeving en MS licenties,Provincie Noord-Brabant,"IT services: consulting, software development, Internet and support",yes,,,2026-10-23,TenderNed,https://www.tenderned.nl/aankondigingen/overzicht/437820,no,https://ted.europa.eu/en/notice/-/detail/601844-2026
601699-2026,Meten en Weten BGT 2026 (gezamenlijke aanbesteding),Gemeente Moerdijk,Digital mapping services,no,,,2026-10-12,TenderNed,https://www.tenderned.nl/aankondigingen/overzicht/437967,no,https://ted.europa.eu/en/notice/-/detail/601699-2026
601147-2026,"Zaaksysteem voor Vergunningverlening, Toezicht en Handhaving",Provincie Gelderland,Document management software package,yes,1755000,1,2026-10-29,Mercell,https://s2c.mercell.com/today/228968,no,https://ted.europa.eu/en/notice/-/detail/601147-2026
600954-2026,Aanmelding voor Kwalificatie ICT,Technische Universiteit Eindhoven,"Business services: law, marketing, consulting, recruitment, printing and security",yes,,,,none,,yes,https://ted.europa.eu/en/notice/-/detail/600954-2026
598985-2026,Signaleringsysteem emitterende tankschepen,Ministerie van Infrastructuur en Waterstaat,Repair and maintenance services of gas-detection equipment,yes,3126172,3,2026-10-29,TenderNed,https://www.tenderned.nl/aankondigingen/overzicht/437795,no,https://ted.europa.eu/en/notice/-/detail/598985-2026
597439-2026,Bestuurlijk Informatiesysteem,Gemeente Alkmaar,"IT services: consulting, software development, Internet and support",yes,1725000,1,2026-10-02,TenderNed,https://www.tenderned.nl/aankondigingen/overzicht/437771,no,https://ted.europa.eu/en/notice/-/detail/597439-2026
